Time (ms), mass (kg), Velocity (rad/s), Motor_current (A), Voltage (V)
Start Going Up
8534,3.00,0.00,0.20,13.40
8556,3.00,0.00,0.23,13.40
8566,3.00,0.00,0.23,13.40
8580,3.00,0.00,0.24,13.40
8589,3.00,0.00,0.24,13.40
8598,3.00,0.00,0.25,13.40
8608,3.00,0.00,0.25,13.40
8618,3.00,0.00,0.25,13.40
8627,3.00,0.00,0.26,13.40
8637,3.00,0.00,0.26,13.40
8647,3.00,0.00,0.27,13.40
8657,3.00,0.00,0.28,13.39
8667,3.00,0.00,0.29,13.39
8678,3.00,0.00,0.30,13.39
8689,3.00,0.00,0.30,13.39
8700,3.00,0.00,0.30,13.39
8710,3.00,20.00,0.31,13.39
8720,3.00,20.00,0.32,13.39
8729,3.00,20.00,0.33,13.39
8739,3.00,20.00,0.33,13.39
8748,3.00,20.00,0.34,13.39
8759,3.00,20.00,0.35,13.39
8768,3.00,0.00,0.35,13.39
8778,3.00,0.00,0.37,13.39
8789,3.00,0.00,0.37,13.39
8799,3.00,0.00,0.41,13.38
8809,3.00,20.00,0.42,13.38
8819,3.00,20.00,0.42,13.38
8828,3.00,20.00,0.43,13.38
8841,3.00,20.00,0.43,13.38
8850,3.00,20.00,0.43,13.38
8860,3.00,40.00,0.46,13.37
8870,3.00,40.00,0.48,13.37
8879,3.00,40.00,0.50,13.37
8889,3.00,40.00,0.50,13.37
8899,3.00,20.00,0.55,13.36
8909,3.00,20.00,0.58,13.36
8918,3.00,20.00,0.60,13.36
8929,3.00,40.00,0.60,13.36
8938,3.00,60.00,0.61,13.36
8948,3.00,60.00,0.63,13.35
8957,3.00,40.00,0.64,13.35
8968,3.00,40.00,0.68,13.35
8978,3.00,20.00,0.69,13.35
8988,3.00,0.00,0.70,13.35
8999,3.00,20.00,0.72,13.35
9008,3.00,20.00,0.73,13.35
9017,3.00,20.00,0.74,13.35
9027,3.00,20.00,0.77,13.33
9036,3.00,20.00,0.80,13.34
9047,3.00,20.00,0.82,13.33
9060,3.00,20.00,0.86,13.33
9070,3.00,40.00,0.90,13.32
9079,3.00,40.00,0.93,13.32
9089,3.00,40.00,0.94,13.33
9101,3.00,40.00,0.96,13.32
9111,3.00,40.00,0.98,13.32
9120,3.00,40.00,0.99,13.32
9130,3.00,40.00,1.03,13.31
9140,3.00,40.00,1.07,13.30
9151,3.00,20.00,1.10,13.31
9161,3.00,20.00,1.15,13.29
9171,3.00,0.00,1.19,13.29
9181,3.00,20.00,1.21,13.30
9194,3.00,20.00,1.22,13.29
9204,3.00,20.00,1.26,13.28
9214,3.00,20.00,1.26,13.28
9230,3.00,20.00,1.34,13.28
9240,3.00,0.00,1.37,13.27
9250,3.00,20.00,1.39,13.27
9260,3.00,20.00,1.42,13.27
9270,3.00,20.00,1.43,13.27
9280,3.00,20.00,1.44,13.27
9290,3.00,20.00,1.51,13.25
9299,3.00,20.00,1.55,13.25
9309,3.00,20.00,1.56,13.26
9319,3.00,20.00,1.61,13.24
9328,3.00,40.00,1.68,13.23
9338,3.00,40.00,1.73,13.23
9348,3.00,60.00,1.75,13.24
9358,3.00,60.00,1.77,13.23
9368,3.00,60.00,1.80,13.23
9378,3.00,40.00,1.82,13.23
9389,3.00,40.00,1.82,13.23
9398,3.00,20.00,1.89,13.21
9407,3.00,0.00,1.92,13.21
9418,3.00,20.00,2.00,13.20
9428,3.00,20.00,2.05,13.20
9438,3.00,20.00,2.08,13.20
9448,3.00,40.00,2.12,13.18
9458,3.00,40.00,2.17,13.18
9468,3.00,40.00,2.20,13.18
9477,3.00,40.00,2.22,13.18
9486,3.00,40.00,2.24,13.18
9497,3.00,20.00,2.29,13.17
9509,3.00,20.00,2.34,13.16
9519,3.00,20.00,2.38,13.17
9528,3.00,40.00,2.37,13.17
9539,3.00,60.00,2.41,13.15
9551,3.00,60.00,2.47,13.14
9564,3.00,60.00,2.52,13.15
9574,3.00,40.00,2.55,13.14
9584,3.00,40.00,2.60,13.14
9594,3.00,40.00,2.60,13.14
9604,3.00,20.00,2.65,13.12
9616,3.00,20.00,2.75,13.11
9626,3.00,40.00,2.85,13.10
9636,3.00,20.00,2.90,13.11
9646,3.00,40.00,2.92,13.10
9655,3.00,60.00,2.96,13.10
9666,3.00,60.00,3.00,13.10
9675,3.00,40.00,3.00,13.09
9685,3.00,40.00,3.08,13.08
9695,3.00,20.00,3.09,13.09
9705,3.00,0.00,3.09,13.08
9717,3.00,20.00,3.19,13.05
9726,3.00,20.00,3.32,13.04
9736,3.00,20.00,3.38,13.06
9745,3.00,40.00,3.42,13.04
9754,3.00,40.00,3.47,13.04
9764,3.00,20.00,3.54,13.02
9773,3.00,20.00,3.61,13.02
9784,3.00,40.00,3.61,13.03
9793,3.00,20.00,3.65,13.03
9803,3.00,20.00,3.65,13.02
9815,3.00,40.00,3.74,13.01
9824,3.00,60.00,3.73,13.02
9834,3.00,40.00,3.79,12.99
9843,3.00,40.00,3.79,12.98
9854,3.00,60.00,3.90,12.99
9863,3.00,40.00,3.94,13.00
9874,3.00,20.00,4.05,12.95
9883,3.00,40.00,4.05,12.97
9893,3.00,60.00,4.10,12.97
9902,3.00,60.00,4.12,12.96
9912,3.00,60.00,4.16,12.94
9923,3.00,80.00,4.22,12.93
9934,3.00,80.00,4.37,12.96
9945,3.00,60.00,4.32,12.95
9955,3.00,60.00,4.35,12.94
9964,3.00,60.00,4.35,12.96
9973,3.00,40.00,4.41,12.91
9984,3.00,40.00,4.41,12.94
9992,3.00,60.00,4.47,12.93
10001,3.00,60.00,4.49,12.93
10011,3.00,80.00,4.62,12.89
10022,3.00,100.00,4.63,12.92
10034,3.00,100.00,4.62,12.90
10043,3.00,80.00,4.65,12.87
10052,3.00,60.00,4.74,12.87
10062,3.00,60.00,4.88,12.87
10076,3.00,80.00,4.92,12.89
10086,3.00,100.00,4.91,12.87
10096,3.00,120.00,5.01,12.86
10106,3.00,140.00,5.03,12.87
10115,3.00,140.00,5.02,12.88
10126,3.00,140.00,4.97,12.89
10137,3.00,120.00,4.93,12.89
10147,3.00,140.00,4.88,12.89
10158,3.00,160.00,4.87,12.90
10167,3.00,180.00,4.87,12.90
10177,3.00,180.00,4.86,12.88
10187,3.00,180.00,4.75,12.94
10197,3.00,180.00,4.67,12.92
10207,3.00,180.00,4.63,12.91
10217,3.00,180.00,4.59,12.93
10226,3.00,180.00,4.54,12.93
10236,3.00,180.00,4.52,12.92
10246,3.00,200.00,4.49,12.94
10255,3.00,200.00,4.43,12.94
10265,3.00,200.00,4.38,12.94
10275,3.00,180.00,4.35,12.95
10286,3.00,200.00,4.35,12.94
10295,3.00,160.00,4.31,12.96
10306,3.00,160.00,4.31,12.94
10315,3.00,160.00,4.25,12.95
10325,3.00,160.00,4.20,12.96
10335,3.00,160.00,4.23,12.94
10344,3.00,180.00,4.21,12.95
10354,3.00,180.00,4.20,12.96
10364,3.00,160.00,4.20,12.94
10373,3.00,180.00,4.20,12.97
10383,3.00,180.00,4.14,12.97
10393,3.00,180.00,4.17,12.94
10404,3.00,180.00,4.16,12.96
10413,3.00,180.00,4.19,12.94
10424,3.00,180.00,4.21,12.94
10435,3.00,180.00,4.22,12.96
10444,3.00,180.00,4.22,12.94
10453,3.00,160.00,4.22,12.97
10463,3.00,180.00,4.18,12.97
10473,3.00,160.00,4.18,12.94
10484,3.00,160.00,4.10,12.99
10493,3.00,160.00,4.10,12.94
10503,3.00,160.00,4.09,12.99
10513,3.00,160.00,4.01,12.96
10523,3.00,160.00,4.05,12.98
10536,3.00,160.00,4.04,12.95
10546,3.00,140.00,3.96,12.99
10556,3.00,160.00,4.00,12.97
10567,3.00,140.00,3.99,12.96
10582,3.00,160.00,4.05,12.96
10591,3.00,140.00,4.00,12.96
10602,3.00,140.00,4.08,12.96
10612,3.00,140.00,4.05,12.97
10621,3.00,140.00,4.10,12.96
10631,3.00,140.00,4.05,12.96
10642,3.00,140.00,4.07,12.97
10653,3.00,120.00,4.03,12.95
10663,3.00,140.00,4.08,12.96
10673,3.00,120.00,4.09,12.96
10682,3.00,120.00,4.10,12.95
10693,3.00,140.00,4.09,12.95
10703,3.00,140.00,4.18,12.97
10713,3.00,140.00,4.11,12.96
10722,3.00,140.00,4.10,12.96
10732,3.00,140.00,4.04,12.96
10742,3.00,140.00,4.08,12.95
10753,3.00,140.00,4.09,12.96
10762,3.00,120.00,4.10,12.94
10772,3.00,140.00,4.11,12.96
10784,3.00,160.00,4.16,12.95
10795,3.00,160.00,4.09,12.97
10804,3.00,160.00,4.14,12.93
10814,3.00,180.00,4.15,12.97
10823,3.00,160.00,4.14,12.94
10833,3.00,140.00,4.14,12.97
10844,3.00,140.00,4.09,12.96
10853,3.00,160.00,4.07,12.96
10862,3.00,160.00,4.05,12.96
10872,3.00,160.00,4.04,12.97
10882,3.00,180.00,4.04,12.94
10892,3.00,160.00,4.01,12.95
10902,3.00,160.00,3.98,12.95
10912,3.00,140.00,3.92,12.95
10922,3.00,160.00,3.93,12.95
10932,3.00,160.00,3.86,12.99
10941,3.00,180.00,3.83,13.00
10950,3.00,160.00,3.83,12.97
10961,3.00,160.00,3.87,12.99
10971,3.00,160.00,3.83,12.97
10981,3.00,140.00,3.87,12.98
10992,3.00,140.00,3.83,12.99
11002,3.00,140.00,3.83,12.99
11013,3.00,140.00,3.78,12.97
11021,3.00,140.00,3.85,12.97
11031,3.00,140.00,3.80,12.99
11043,3.00,120.00,3.87,12.96
11055,3.00,120.00,3.93,12.94
11063,3.00,120.00,4.00,12.96
11073,3.00,120.00,4.00,12.94
11088,3.00,120.00,4.14,12.94
11098,3.00,120.00,4.09,12.95
11108,3.00,120.00,4.14,12.94
11118,3.00,120.00,4.14,12.95
11128,3.00,100.00,4.14,12.94
11138,3.00,100.00,4.15,12.94
11149,3.00,120.00,4.10,12.97
11158,3.00,120.00,4.09,12.94
11170,3.00,120.00,4.08,12.95
11179,3.00,140.00,4.11,12.94
11189,3.00,120.00,4.09,12.96
11198,3.00,120.00,4.09,12.94
11208,3.00,140.00,4.13,12.94
11217,3.00,140.00,4.11,12.94
11228,3.00,120.00,4.09,12.95
11237,3.00,120.00,4.03,12.97
11247,3.00,120.00,4.14,12.92
11257,3.00,120.00,4.14,12.95
11266,3.00,120.00,4.18,12.94
11276,3.00,140.00,4.19,12.93
11286,3.00,140.00,4.18,12.94
11296,3.00,140.00,4.09,12.96
11306,3.00,140.00,4.08,12.95
11316,3.00,140.00,4.02,12.98
11326,3.00,120.00,4.00,12.94
11336,3.00,120.00,4.05,12.94
11346,3.00,140.00,4.11,12.94
11359,3.00,140.00,4.08,12.95
11365,3.00,140.00,4.12,12.94
11375,3.00,160.00,4.18,12.94
11384,3.00,180.00,4.10,12.96
11394,3.00,160.00,4.09,12.95
11404,3.00,160.00,4.12,12.94
11414,3.00,160.00,4.13,12.94
11425,3.00,140.00,4.09,12.95
11435,3.00,140.00,4.05,12.96
11444,3.00,140.00,4.04,12.96
11455,3.00,120.00,3.98,12.96
11465,3.00,140.00,3.96,12.97
11474,3.00,160.00,3.98,12.96
11484,3.00,140.00,4.00,12.95
11495,3.00,140.00,4.05,12.94
11504,3.00,140.00,4.05,12.94
11514,3.00,120.00,4.09,12.94
11524,3.00,100.00,4.15,12.94
11535,3.00,120.00,4.19,12.92
11545,3.00,120.00,4.22,12.92
11553,3.00,140.00,4.25,12.93
11563,3.00,140.00,4.25,12.92
11574,3.00,140.00,4.31,12.91
11584,3.00,140.00,4.35,12.91
11594,3.00,140.00,4.33,12.93
11605,3.00,120.00,4.31,12.92
11614,3.00,140.00,4.32,12.92
11624,3.00,160.00,4.28,12.95
11635,3.00,140.00,4.21,12.93
11644,3.00,160.00,4.22,12.94
11654,3.00,160.00,4.15,12.94
11664,3.00,160.00,4.11,12.94
11679,3.00,140.00,4.08,12.95
11688,3.00,160.00,4.02,12.96
11698,3.00,140.00,4.01,12.95
11708,3.00,160.00,4.00,12.96
11718,3.00,140.00,4.00,12.95
11727,3.00,160.00,3.97,12.95
11737,3.00,140.00,4.00,12.95
11746,3.00,160.00,3.96,12.96
11756,3.00,160.00,3.96,12.96
11766,3.00,160.00,3.99,12.94
11775,3.00,160.00,3.96,12.97
11785,3.00,160.00,4.02,12.94
11794,3.00,160.00,4.02,12.94
11804,3.00,160.00,4.07,12.94
11813,3.00,160.00,4.02,12.94
11823,3.00,140.00,4.02,12.97
11833,3.00,160.00,4.02,12.93
11843,3.00,160.00,4.02,12.97
11852,3.00,160.00,3.98,12.97
11863,3.00,160.00,3.93,12.98
11873,3.00,160.00,3.83,12.95
11883,3.00,160.00,3.87,12.98
11893,3.00,140.00,3.77,12.99
11902,3.00,140.00,3.76,12.99
11912,3.00,140.00,3.72,12.97
11922,3.00,140.00,3.78,12.98
11932,3.00,140.00,3.73,12.97
11943,3.00,140.00,3.74,12.97
11953,3.00,120.00,3.74,12.94
11962,3.00,140.00,3.85,12.94
11973,3.00,140.00,3.83,12.94
11982,3.00,120.00,3.90,12.94
11992,3.00,120.00,3.95,12.94
12002,3.00,120.00,4.00,12.91
12012,3.00,100.00,4.13,12.96
12023,3.00,120.00,4.08,12.92
12034,3.00,120.00,4.11,12.94
12045,3.00,120.00,4.09,12.94
12055,3.00,100.00,4.17,12.91
12066,3.00,100.00,4.18,12.93
12075,3.00,80.00,4.17,12.91
12085,3.00,100.00,4.30,12.91
12094,3.00,100.00,4.29,12.92
12109,3.00,120.00,4.35,12.87
12118,3.00,120.00,4.46,12.90
12128,3.00,120.00,4.38,12.92
12138,3.00,100.00,4.44,12.89
12149,3.00,100.00,4.38,12.92
12159,3.00,100.00,4.38,12.89
12170,3.00,120.00,4.36,12.92
12179,3.00,140.00,4.35,12.90
12189,3.00,140.00,4.32,12.92
12199,3.00,140.00,4.38,12.89
12209,3.00,140.00,4.33,12.93
12218,3.00,160.00,4.36,12.90
12228,3.00,160.00,4.32,12.90
12238,3.00,160.00,4.30,12.94
12248,3.00,180.00,4.31,12.90
12259,3.00,180.00,4.18,12.94
12269,3.00,180.00,4.15,12.94
12278,3.00,180.00,4.10,12.94
12288,3.00,160.00,4.00,12.94
12298,3.00,160.00,3.98,12.97
12307,3.00,200.00,3.96,12.96
12317,3.00,200.00,3.93,12.94
12327,3.00,200.00,3.82,13.00
12336,3.00,220.00,3.79,12.97
12346,3.00,200.00,3.75,12.96
12355,3.00,180.00,3.70,13.00
12366,3.00,180.00,3.72,12.97
12376,3.00,180.00,3.70,12.97
12385,3.00,180.00,3.68,12.99
12396,3.00,200.00,3.68,12.97
12406,3.00,180.00,3.65,12.99
12416,3.00,180.00,3.68,12.97
12425,3.00,180.00,3.66,12.96
12435,3.00,160.00,3.68,12.98
12445,3.00,160.00,3.70,12.96
12457,3.00,160.00,3.70,12.99
12467,3.00,160.00,3.72,12.96
12477,3.00,140.00,3.71,12.97
12486,3.00,160.00,3.74,12.96
12496,3.00,140.00,3.71,12.98
12505,3.00,160.00,3.71,12.96
12516,3.00,140.00,3.73,12.97
12526,3.00,160.00,3.75,12.96
12536,3.00,140.00,3.73,12.97
12547,3.00,160.00,3.75,12.96
12556,3.00,140.00,3.80,12.96
12565,3.00,140.00,3.82,12.97
12576,3.00,140.00,3.81,12.96
12585,3.00,140.00,3.78,12.97
12596,3.00,120.00,3.80,12.96
12610,3.00,120.00,3.76,12.97
12621,3.00,120.00,3.77,12.96
12631,3.00,120.00,3.76,12.95
12641,3.00,120.00,3.80,12.95
12650,3.00,120.00,3.81,12.96
12660,3.00,140.00,3.83,12.96
12669,3.00,120.00,3.85,12.95
12678,3.00,120.00,3.83,12.96
12688,3.00,120.00,3.80,12.97
12699,3.00,120.00,3.80,12.96
12712,3.00,120.00,3.81,12.96
12726,3.00,100.00,3.81,12.96
12736,3.00,100.00,3.83,12.95
12746,3.00,100.00,3.88,12.94
12757,3.00,100.00,3.92,12.94
12765,3.00,100.00,3.92,12.95
12775,3.00,100.00,3.98,12.93
12785,3.00,100.00,4.03,12.92
12795,3.00,120.00,4.09,12.91
12805,3.00,120.00,4.12,12.92
12814,3.00,120.00,4.10,12.93
12824,3.00,140.00,4.13,12.92
12835,3.00,120.00,4.14,12.92
12844,3.00,100.00,4.16,12.92
12854,3.00,100.00,4.12,12.93
12864,3.00,120.00,4.13,12.92
12874,3.00,100.00,4.12,12.93
12884,3.00,120.00,4.10,12.93
12894,3.00,140.00,4.10,12.92
12903,3.00,140.00,4.10,12.93
12913,3.00,120.00,4.11,12.94
12923,3.00,120.00,4.11,12.94
12932,3.00,140.00,4.09,12.93
12942,3.00,120.00,4.09,12.93
12953,3.00,120.00,4.08,12.93
12962,3.00,120.00,4.06,12.92
12974,3.00,140.00,4.08,12.94
12984,3.00,120.00,4.08,12.91
12993,3.00,140.00,4.10,12.92
13006,3.00,140.00,4.14,12.92
13016,3.00,160.00,4.14,12.91
13026,3.00,120.00,4.20,12.90
13037,3.00,120.00,4.27,12.89
13048,3.00,100.00,4.27,12.90
13057,3.00,120.00,4.27,12.91
13067,3.00,100.00,4.28,12.90
13076,3.00,140.00,4.31,12.89
13086,3.00,140.00,4.39,12.87
13096,3.00,140.00,4.42,12.88
13107,3.00,120.00,4.45,12.88
13121,3.00,120.00,4.44,12.89
13132,3.00,100.00,4.43,12.89
13142,3.00,100.00,4.41,12.90
13151,3.00,100.00,4.43,12.90
13161,3.00,100.00,4.40,12.89
13171,3.00,100.00,4.40,12.89
13181,3.00,80.00,4.38,12.90
13191,3.00,80.00,4.38,12.89
13201,3.00,100.00,4.43,12.87
13211,3.00,100.00,4.38,12.91
13221,3.00,100.00,4.37,12.88
13232,3.00,120.00,4.41,12.89
13241,3.00,120.00,4.43,12.88
13251,3.00,100.00,4.49,12.86
13261,3.00,100.00,4.50,12.88
13271,3.00,100.00,4.56,12.85
13281,3.00,120.00,4.62,12.87
13290,3.00,120.00,4.64,12.85
13300,3.00,120.00,4.70,12.87
13311,3.00,120.00,4.64,12.86
13321,3.00,140.00,4.64,12.88
13330,3.00,140.00,4.59,12.87
13340,3.00,140.00,4.57,12.88
13350,3.00,160.00,4.61,12.87
13359,3.00,160.00,4.54,12.87
13369,3.00,160.00,4.55,12.90
13380,3.00,160.00,4.43,12.89
13389,3.00,160.00,4.34,12.92
13398,3.00,160.00,4.34,12.88
13409,3.00,160.00,4.27,12.90
13420,3.00,180.00,4.23,12.92
13430,3.00,180.00,4.26,12.89
13439,3.00,200.00,4.21,12.91
13449,3.00,180.00,4.23,12.91
13460,3.00,180.00,4.27,12.88
13469,3.00,180.00,4.21,12.91
13479,3.00,180.00,4.21,12.92
13491,3.00,180.00,4.22,12.88
13500,3.00,200.00,4.22,12.90
13511,3.00,200.00,4.18,12.93
13520,3.00,200.00,4.22,12.88
13530,3.00,200.00,4.10,12.93
13543,3.00,180.00,4.02,12.95
13554,3.00,180.00,4.03,12.94
13564,3.00,180.00,3.96,12.95
13574,3.00,180.00,3.93,12.93
13583,3.00,180.00,3.95,12.92
13593,3.00,200.00,3.92,12.94
13603,3.00,200.00,3.92,12.94
13612,3.00,200.00,3.95,12.95
13627,3.00,180.00,3.78,12.97
13637,3.00,180.00,3.75,12.94
13646,3.00,180.00,3.69,12.97
13657,3.00,180.00,3.69,12.97
13666,3.00,160.00,3.66,12.95
13675,3.00,180.00,3.65,12.98
13685,3.00,180.00,3.66,12.95
13694,3.00,160.00,3.62,12.97
13704,3.00,160.00,3.68,12.95
13715,3.00,160.00,3.61,12.98
13725,3.00,160.00,3.65,12.95
13734,3.00,140.00,3.62,12.97
13745,3.00,160.00,3.66,12.96
13755,3.00,140.00,3.60,12.97
13765,3.00,160.00,3.68,12.95
13774,3.00,140.00,3.64,12.96
13785,3.00,140.00,3.67,12.96
13794,3.00,140.00,3.64,12.97
13804,3.00,140.00,3.65,12.96
13813,3.00,120.00,3.67,12.97
13824,3.00,120.00,3.65,12.95
13833,3.00,140.00,3.65,12.97
13844,3.00,120.00,3.65,12.94
13853,3.00,120.00,3.67,12.96
13862,3.00,140.00,3.70,12.96
13872,3.00,120.00,3.68,12.94
13883,3.00,100.00,3.74,12.95
13892,3.00,100.00,3.77,12.94
13902,3.00,100.00,3.74,12.93
13911,3.00,100.00,3.83,12.93
13922,3.00,120.00,3.86,12.94
13932,3.00,120.00,3.90,12.91
13942,3.00,120.00,3.96,12.92
13951,3.00,120.00,3.96,12.92
13961,3.00,100.00,4.02,12.90
13970,3.00,100.00,4.06,12.91
13981,3.00,100.00,4.08,12.91
13991,3.00,120.00,4.09,12.91
14003,3.00,120.00,4.05,12.90
14013,3.00,120.00,4.09,12.91
14023,3.00,120.00,4.12,12.90
14033,3.00,120.00,4.12,12.92
14044,3.00,100.00,4.15,12.88
14053,3.00,100.00,4.22,12.89
14065,3.00,80.00,4.27,12.89
14073,3.00,100.00,4.31,12.88
14084,3.00,80.00,4.31,12.87
14092,3.00,100.00,4.34,12.87
14103,3.00,100.00,4.37,12.88
14113,3.00,120.00,4.38,12.87
14123,3.00,80.00,4.43,12.87
14136,3.00,100.00,4.45,12.87
14145,3.00,80.00,4.44,12.88
14156,3.00,100.00,4.46,12.87
14167,3.00,100.00,4.46,12.87
14176,3.00,120.00,4.46,12.88
14186,3.00,120.00,4.45,12.87
14196,3.00,120.00,4.42,12.89
14205,3.00,100.00,4.38,12.89
14214,3.00,120.00,4.33,12.89
14225,3.00,140.00,4.36,12.87
14235,3.00,140.00,4.38,12.87
14245,3.00,160.00,4.40,12.87
14257,3.00,160.00,4.41,12.87
14267,3.00,140.00,4.43,12.88
14277,3.00,140.00,4.37,12.90
14287,3.00,160.00,4.31,12.90
14297,3.00,140.00,4.29,12.90
14307,3.00,160.00,4.28,12.89
14318,3.00,180.00,4.27,12.90
14328,3.00,180.00,4.26,12.89
14341,3.00,180.00,4.28,12.89
14350,3.00,180.00,4.27,12.90
14360,3.00,180.00,4.22,12.90
14369,3.00,180.00,4.22,12.89
14379,3.00,180.00,4.22,12.90
14390,3.00,180.00,4.22,12.89
14398,3.00,200.00,4.22,12.90
14407,3.00,200.00,4.14,12.92
14418,3.00,180.00,4.10,12.91
14428,3.00,180.00,4.09,12.90
14438,3.00,180.00,4.05,12.93
14451,3.00,160.00,4.04,12.91
14463,3.00,160.00,3.98,12.93
14472,3.00,160.00,3.97,12.92
14482,3.00,160.00,3.99,12.93
14494,3.00,160.00,4.01,12.90
14506,3.00,160.00,3.97,12.93
14522,3.00,160.00,3.98,12.92
14532,3.00,140.00,3.94,12.93
14547,3.00,160.00,3.96,12.91
14555,3.00,160.00,3.96,12.92
14572,3.00,160.00,4.01,12.90
14584,3.00,160.00,4.05,12.89
14594,3.00,160.00,4.05,12.93
14603,3.00,140.00,3.99,12.90
14612,3.00,160.00,4.00,12.95
14623,3.00,140.00,3.92,12.90
14633,3.00,140.00,3.96,12.93
14648,3.00,120.00,3.98,12.91
14658,3.00,140.00,3.97,12.90
14668,3.00,140.00,3.98,12.93
14678,3.00,140.00,3.96,12.91
14688,3.00,140.00,4.09,12.89
14698,3.00,160.00,4.02,12.92
14708,3.00,140.00,4.00,12.92
14718,3.00,120.00,3.96,12.93
14726,3.00,120.00,3.98,12.90
14737,3.00,120.00,4.00,12.93
14747,3.00,120.00,3.98,12.92
14758,3.00,120.00,3.95,12.93
14768,3.00,140.00,4.03,12.89
14778,3.00,140.00,4.01,12.93
14788,3.00,160.00,4.04,12.90
14798,3.00,140.00,4.05,12.91
14811,3.00,140.00,4.05,12.90
14818,3.00,140.00,4.08,12.92
14827,3.00,140.00,4.01,12.91
14838,3.00,120.00,3.96,12.94
14848,3.00,140.00,3.98,12.90
14858,3.00,160.00,4.00,12.91
14867,3.00,160.00,4.05,12.89
14877,3.00,140.00,4.03,12.93
14886,3.00,160.00,4.02,12.90
14896,3.00,140.00,4.07,12.92
14906,3.00,120.00,4.02,12.90
14916,3.00,140.00,3.97,12.93
14928,3.00,140.00,4.00,12.89
14936,3.00,140.00,4.03,12.92
14948,3.00,140.00,4.04,12.90
14958,3.00,140.00,4.09,12.90
14968,3.00,120.00,4.08,12.90
14976,3.00,140.00,4.13,12.90
14987,3.00,120.00,4.05,12.92
14996,3.00,120.00,4.14,12.87
15005,3.00,140.00,4.12,12.90
15015,3.00,140.00,4.15,12.89
15025,3.00,120.00,4.23,12.89
15036,3.00,120.00,4.14,12.91
15045,3.00,120.00,4.18,12.88
15055,3.00,100.00,4.15,12.90
15067,3.00,100.00,4.25,12.84
15076,3.00,120.00,4.31,12.88
15085,3.00,120.00,4.37,12.86
15095,3.00,120.00,4.38,12.89
15105,3.00,140.00,4.37,12.87
15115,3.00,140.00,4.42,12.86
15125,3.00,120.00,4.35,12.88
15134,3.00,140.00,4.33,12.89
15144,3.00,140.00,4.29,12.88
15154,3.00,140.00,4.28,12.89
15165,3.00,140.00,4.24,12.88
15176,3.00,160.00,4.22,12.90
15186,3.00,160.00,4.14,12.91
15195,3.00,180.00,4.07,12.91
15206,3.00,160.00,4.06,12.91
15215,3.00,180.00,4.01,12.92
15226,3.00,160.00,3.94,12.93
15234,3.00,160.00,3.93,12.92
15244,3.00,160.00,3.87,12.93
15254,3.00,180.00,3.85,12.94
15263,3.00,160.00,3.84,12.92
15273,3.00,180.00,3.84,12.94
15282,3.00,180.00,3.81,12.94
15293,3.00,160.00,3.81,12.93
15303,3.00,140.00,3.81,12.92
15312,3.00,160.00,3.81,12.94
15323,3.00,140.00,3.82,12.92
15332,3.00,140.00,3.85,12.93
15342,3.00,140.00,3.83,12.92
15352,3.00,160.00,3.84,12.91
15362,3.00,140.00,3.86,12.91
15372,3.00,160.00,3.90,12.94
15382,3.00,140.00,3.86,12.90
15392,3.00,140.00,3.90,12.93
15401,3.00,120.00,3.92,12.93
15411,3.00,140.00,3.92,12.93
15420,3.00,120.00,3.90,12.93
15430,3.00,120.00,3.90,12.90
15439,3.00,140.00,3.92,12.92
15449,3.00,140.00,3.92,12.92
15460,3.00,120.00,3.94,12.92
15469,3.00,120.00,3.97,12.90
15479,3.00,120.00,4.00,12.90
15489,3.00,100.00,3.97,12.92
15500,3.00,120.00,3.97,12.92
15509,3.00,120.00,3.98,12.92
15518,3.00,120.00,3.97,12.90
15529,3.00,120.00,3.99,12.90
15539,3.00,120.00,4.10,12.87
15552,3.00,120.00,4.16,12.88
15563,3.00,120.00,4.25,12.87
15573,3.00,140.00,4.25,12.87
15582,3.00,140.00,4.32,12.88
15592,3.00,140.00,4.33,12.87
15602,3.00,160.00,4.31,12.87
15611,3.00,160.00,4.31,12.88
15622,3.00,140.00,4.24,12.89
15630,3.00,160.00,4.18,12.90
15640,3.00,140.00,4.11,12.91
15650,3.00,140.00,4.07,12.91
15660,3.00,160.00,4.03,12.90
15671,3.00,160.00,4.00,12.91
15684,3.00,160.00,4.00,12.90
15694,3.00,180.00,4.02,12.90
15704,3.00,160.00,4.02,12.92
15713,3.00,160.00,4.00,12.91
15723,3.00,160.00,3.99,12.91
15733,3.00,160.00,3.96,12.92
15744,3.00,160.00,3.97,12.90
15753,3.00,160.00,4.00,12.90
15763,3.00,160.00,3.98,12.91
15774,3.00,180.00,3.98,12.92
15783,3.00,160.00,3.98,12.92
15792,3.00,160.00,3.92,12.91
15802,3.00,160.00,3.92,12.94
15813,3.00,140.00,3.89,12.89
15824,3.00,120.00,3.89,12.92
15832,3.00,140.00,3.91,12.89
15842,3.00,120.00,3.99,12.89
15852,3.00,140.00,4.01,12.91
15862,3.00,140.00,4.05,12.90
15872,3.00,140.00,4.02,12.87
15882,3.00,120.00,4.10,12.87
15893,3.00,120.00,4.22,12.90
15903,3.00,100.00,4.14,12.87
15912,3.00,100.00,4.18,12.90
15922,3.00,100.00,4.22,12.90
15932,3.00,80.00,4.15,12.87
15943,3.00,80.00,4.17,12.84
15952,3.00,80.00,4.33,12.88
15961,3.00,80.00,4.36,12.88
15972,3.00,80.00,4.38,12.83
15981,3.00,100.00,4.49,12.83
15991,3.00,100.00,4.53,12.84
16001,3.00,80.00,4.55,12.84
16010,3.00,60.00,4.54,12.85
16020,3.00,60.00,4.59,12.83
16031,3.00,60.00,4.62,12.84
16040,3.00,60.00,4.60,12.84
16054,3.00,80.00,4.70,12.81
16063,3.00,100.00,4.81,12.83
16075,3.00,100.00,4.80,12.81
16084,3.00,80.00,4.90,12.79
16093,3.00,80.00,4.87,12.83
16103,3.00,100.00,4.83,12.80
16113,3.00,80.00,4.90,12.79
16123,3.00,80.00,4.90,12.82
16133,3.00,100.00,4.90,12.77
16143,3.00,120.00,5.01,12.80
16152,3.00,100.00,5.01,12.79
16163,3.00,120.00,5.09,12.82
16173,3.00,140.00,4.99,12.76
16183,3.00,140.00,5.02,12.83
16193,3.00,140.00,4.99,12.81
16203,3.00,160.00,4.83,12.82
16213,3.00,160.00,4.76,12.85
16224,3.00,160.00,4.76,12.83
16233,3.00,180.00,4.62,12.84
16242,3.00,180.00,4.62,12.87
16252,3.00,180.00,4.57,12.87
16262,3.00,200.00,4.53,12.85
16271,3.00,200.00,4.45,12.86
16281,3.00,200.00,4.33,12.90
16291,3.00,200.00,4.31,12.88
16300,3.00,200.00,4.24,12.87
16311,3.00,200.00,4.19,12.88
16321,3.00,200.00,4.10,12.91
16332,3.00,200.00,4.12,12.90
16342,3.00,200.00,4.12,12.87
16352,3.00,200.00,4.07,12.90
16362,3.00,220.00,4.07,12.90
16372,3.00,220.00,4.08,12.90
16382,3.00,220.00,4.06,12.91
16392,3.00,220.00,3.96,12.91
16402,3.00,220.00,3.93,12.93
16412,3.00,200.00,3.95,12.90
16421,3.00,200.00,3.87,12.91
16430,3.00,200.00,3.79,12.96
16440,3.00,180.00,3.74,12.93
16450,3.00,180.00,3.65,12.94
16460,3.00,180.00,3.62,12.96
16470,3.00,180.00,3.60,12.93
16479,3.00,160.00,3.56,12.96
16489,3.00,180.00,3.59,12.94
16499,3.00,160.00,3.57,12.94
16508,3.00,160.00,3.61,12.93
16518,3.00,160.00,3.58,12.95
16528,3.00,140.00,3.61,12.94
16537,3.00,140.00,3.60,12.94
16547,3.00,140.00,3.62,12.94
16557,3.00,140.00,3.63,12.94
16568,3.00,120.00,3.66,12.93
16578,3.00,140.00,3.70,12.92
16588,3.00,140.00,3.70,12.93
16598,3.00,120.00,3.67,12.94
16607,3.00,120.00,3.66,12.94
16616,3.00,120.00,3.72,12.91
16626,3.00,100.00,3.80,12.91
16637,3.00,100.00,3.83,12.90
16646,3.00,120.00,3.86,12.90
16655,3.00,120.00,3.90,12.89
16667,3.00,120.00,3.96,12.89
16677,3.00,120.00,4.00,12.90
16687,3.00,120.00,3.96,12.90
16696,3.00,100.00,3.96,12.90
16707,3.00,100.00,3.96,12.91
16717,3.00,100.00,3.96,12.91
16726,3.00,120.00,4.05,12.87
16737,3.00,120.00,4.03,12.90
16747,3.00,120.00,4.09,12.87
16757,3.00,120.00,4.14,12.87
16767,3.00,140.00,4.16,12.87
16777,3.00,120.00,4.13,12.89
16787,3.00,140.00,4.14,12.87
16797,3.00,140.00,4.10,12.90
16807,3.00,160.00,4.09,12.88
16817,3.00,140.00,4.13,12.88
16827,3.00,140.00,4.05,12.90
16837,3.00,120.00,4.03,12.90
16849,3.00,120.00,4.11,12.87
16859,3.00,140.00,4.15,12.87
16869,3.00,140.00,4.18,12.87
16880,3.00,140.00,4.22,12.86
16889,3.00,160.00,4.26,12.86
16899,3.00,140.00,4.27,12.87
16909,3.00,120.00,4.31,12.86
16922,3.00,120.00,4.35,12.84
16931,3.00,100.00,4.37,12.86
16941,3.00,100.00,4.31,12.88
16952,3.00,100.00,4.35,12.86
16962,3.00,120.00,4.37,12.84
16973,3.00,100.00,4.41,12.84
16982,3.00,100.00,4.47,12.84
16992,3.00,100.00,4.46,12.84
17002,3.00,100.00,4.48,12.83
17012,3.00,80.00,4.51,12.85
17022,3.00,100.00,4.51,12.84
17032,3.00,100.00,4.48,12.84
17042,3.00,100.00,4.48,12.84
17052,3.00,100.00,4.47,12.83
17064,3.00,100.00,4.48,12.81
17074,3.00,100.00,4.58,12.84
17085,3.00,100.00,4.61,12.82
17095,3.00,100.00,4.60,12.83
17108,3.00,120.00,4.65,12.82
17118,3.00,120.00,4.66,12.83
17128,3.00,120.00,4.66,12.81
17138,3.00,140.00,4.63,12.84
17148,3.00,140.00,4.59,12.83
17158,3.00,140.00,4.56,12.85
17167,3.00,140.00,4.57,12.83
17178,3.00,160.00,4.54,12.84
17187,3.00,140.00,4.45,12.86
17196,3.00,160.00,4.44,12.85
17209,3.00,140.00,4.34,12.87
17219,3.00,160.00,4.37,12.84
17229,3.00,180.00,4.34,12.87
17239,3.00,180.00,4.31,12.85
17249,3.00,180.00,4.31,12.87
17259,3.00,180.00,4.32,12.85
17269,3.00,180.00,4.27,12.87
17278,3.00,160.00,4.28,12.86
17290,3.00,160.00,4.24,12.85
17300,3.00,180.00,4.24,12.86
17310,3.00,180.00,4.23,12.88
17321,3.00,180.00,4.24,12.85
17332,3.00,180.00,4.22,12.87
17343,3.00,180.00,4.25,12.87
17352,3.00,160.00,4.21,12.87
17363,3.00,160.00,4.27,12.85
17372,3.00,180.00,4.26,12.86
17382,3.00,180.00,4.24,12.87
17392,3.00,180.00,4.27,12.87
17402,3.00,180.00,4.22,12.90
17412,3.00,180.00,4.13,12.87
17421,3.00,160.00,4.14,12.87
17431,3.00,160.00,4.07,12.91
17441,3.00,140.00,4.07,12.88
17450,3.00,160.00,4.05,12.87
17461,3.00,160.00,4.03,12.91
17470,3.00,180.00,4.01,12.90
17480,3.00,160.00,3.96,12.89
17491,3.00,180.00,4.08,12.87
17500,3.00,160.00,4.00,12.89
17510,3.00,160.00,4.00,12.91
17520,3.00,140.00,3.96,12.88
17530,3.00,160.00,3.95,12.91
17540,3.00,160.00,3.96,12.88
17554,3.00,180.00,3.95,12.91
17564,3.00,160.00,3.87,12.89
17573,3.00,180.00,3.96,12.91
17584,3.00,160.00,3.86,12.91
17594,3.00,160.00,3.86,12.91
17604,3.00,140.00,3.81,12.89
17614,3.00,140.00,3.88,12.90
17623,3.00,140.00,3.90,12.88
17634,3.00,140.00,3.95,12.89
17643,3.00,140.00,3.95,12.87
17653,3.00,140.00,4.00,12.90
17663,3.00,160.00,3.95,12.88
17673,3.00,140.00,3.99,12.90
17683,3.00,160.00,3.95,12.89
17693,3.00,140.00,3.93,12.92
17702,3.00,140.00,3.90,12.92
17713,3.00,120.00,3.87,12.87
17723,3.00,120.00,3.88,12.90
17732,3.00,120.00,3.88,12.89
17744,3.00,140.00,3.98,12.87
17754,3.00,140.00,4.05,12.89
17764,3.00,160.00,3.99,12.90
17774,3.00,160.00,4.00,12.88
17784,3.00,140.00,4.00,12.89
17793,3.00,100.00,4.00,12.88
17803,3.00,120.00,4.01,12.89
17812,3.00,100.00,4.03,12.90
17822,3.00,100.00,3.97,12.88
17832,3.00,120.00,4.01,12.90
17842,3.00,140.00,3.99,12.87
17851,3.00,120.00,4.02,12.87
17861,3.00,120.00,4.09,12.87
17870,3.00,120.00,4.04,12.89
17881,3.00,80.00,4.08,12.87
17892,3.00,80.00,4.17,12.86
17901,3.00,80.00,4.20,12.86
17911,3.00,100.00,4.24,12.85
17922,3.00,100.00,4.27,12.84
17931,3.00,100.00,4.30,12.86
17942,3.00,100.00,4.35,12.85
17950,3.00,100.00,4.35,12.85
17960,3.00,60.00,4.37,12.84
17970,3.00,60.00,4.36,12.85
17981,3.00,100.00,4.42,12.84
17991,3.00,80.00,4.41,12.85
18000,3.00,80.00,4.46,12.82
18010,3.00,100.00,4.53,12.81
18021,3.00,100.00,4.57,12.82
18030,3.00,60.00,4.62,12.82
18040,3.00,100.00,4.63,12.82
18050,3.00,100.00,4.61,12.82
18063,3.00,100.00,4.62,12.81
18072,3.00,100.00,4.66,12.80
18082,3.00,120.00,4.68,12.80
18091,3.00,80.00,4.74,12.80
18102,3.00,100.00,4.74,12.78
18111,3.00,100.00,4.78,12.78
18120,3.00,100.00,4.82,12.79
18130,3.00,100.00,4.84,12.79
18141,3.00,140.00,4.86,12.79
18151,3.00,120.00,4.84,12.79
18160,3.00,140.00,4.88,12.79
18171,3.00,140.00,4.88,12.79
18180,3.00,140.00,4.90,12.79
18190,3.00,140.00,4.85,12.80
18201,3.00,140.00,4.86,12.80
18211,3.00,140.00,4.81,12.79
18223,3.00,160.00,4.75,12.81
18234,3.00,180.00,4.71,12.81
18243,3.00,180.00,4.71,12.84
18254,3.00,200.00,4.61,12.83
18263,3.00,180.00,4.61,12.81
Start Going Up
25058,3.00,0.00,0.20,13.32
25072,3.00,0.00,0.21,13.32
25089,3.00,0.00,0.24,13.32
25100,3.00,0.00,0.25,13.32
25109,3.00,0.00,0.26,13.31
25119,3.00,0.00,0.27,13.32
25132,3.00,0.00,0.28,13.31
25142,3.00,0.00,0.29,13.31
25152,3.00,0.00,0.31,13.31
25162,3.00,20.00,0.33,13.31
25171,3.00,20.00,0.33,13.31
25180,3.00,20.00,0.34,13.30
25191,3.00,40.00,0.36,13.30
25201,3.00,40.00,0.38,13.30
25210,3.00,20.00,0.41,13.29
25220,3.00,40.00,0.42,13.30
25231,3.00,60.00,0.45,13.28
25240,3.00,40.00,0.47,13.29
25250,3.00,60.00,0.50,13.28
25261,3.00,80.00,0.55,13.28
25271,3.00,80.00,0.56,13.28
25281,3.00,80.00,0.59,13.27
25291,3.00,80.00,0.63,13.27
25303,3.00,80.00,0.67,13.27
25311,3.00,60.00,0.69,13.25
25321,3.00,60.00,0.72,13.25
25331,3.00,40.00,0.81,13.24
25341,3.00,40.00,0.86,13.25
25351,3.00,40.00,0.90,13.23
25363,3.00,60.00,0.98,13.23
25373,3.00,60.00,0.98,13.22
25385,3.00,60.00,1.10,13.21
25396,3.00,60.00,1.16,13.21
25407,3.00,60.00,1.20,13.21
25417,3.00,40.00,1.27,13.20
25427,3.00,40.00,1.33,13.19
25436,3.00,40.00,1.37,13.19
25446,3.00,40.00,1.43,13.18
25456,3.00,40.00,1.50,13.17
25466,3.00,60.00,1.60,13.16
25476,3.00,60.00,1.64,13.16
25486,3.00,60.00,1.69,13.15
25495,3.00,80.00,1.81,13.13
25506,3.00,60.00,1.89,13.12
25516,3.00,40.00,1.97,13.12
25526,3.00,40.00,2.02,13.12
25536,3.00,60.00,2.06,13.11
25546,3.00,40.00,2.18,13.08
25556,3.00,60.00,2.25,13.10
25566,3.00,100.00,2.28,13.09
25576,3.00,100.00,2.37,13.08
25587,3.00,80.00,2.47,13.07
25596,3.00,100.00,2.52,13.06
25606,3.00,80.00,2.65,13.04
25615,3.00,60.00,2.72,13.04
25625,3.00,40.00,2.82,13.02
25634,3.00,60.00,2.90,13.02
25646,3.00,60.00,3.04,12.99
25656,3.00,80.00,3.15,12.99
25666,3.00,60.00,3.21,12.99
25675,3.00,80.00,3.28,12.98
25685,3.00,80.00,3.40,12.96
25695,3.00,60.00,3.48,12.96
25704,3.00,40.00,3.53,12.95
25715,3.00,40.00,3.70,12.89
25725,3.00,40.00,3.83,12.92
25735,3.00,60.00,3.92,12.90
25745,3.00,80.00,4.09,12.88
25755,3.00,80.00,4.14,12.88
25764,3.00,100.00,4.23,12.87
25774,3.00,100.00,4.28,12.88
25784,3.00,60.00,4.41,12.82
25794,3.00,60.00,4.52,12.86
25804,3.00,80.00,4.58,12.82
25815,3.00,100.00,4.66,12.82
25825,3.00,100.00,4.79,12.80
25834,3.00,120.00,4.95,12.79
25843,3.00,140.00,4.94,12.81
25853,3.00,140.00,5.04,12.78
25863,3.00,140.00,5.05,12.79
25874,3.00,140.00,5.14,12.77
25883,3.00,160.00,5.21,12.76
25893,3.00,160.00,5.28,12.77
25905,3.00,180.00,5.28,12.78
25915,3.00,180.00,5.29,12.75
25925,3.00,200.00,5.36,12.73
25936,3.00,200.00,5.44,12.75
25945,3.00,200.00,5.47,12.74
25954,3.00,220.00,5.48,12.76
25964,3.00,220.00,5.45,12.76
25973,3.00,240.00,5.46,12.76
25983,3.00,260.00,5.44,12.76
25993,3.00,280.00,5.40,12.77
26003,3.00,280.00,5.38,12.76
26012,3.00,300.00,5.38,12.78
26023,3.00,300.00,5.33,12.76
26032,3.00,300.00,5.32,12.80
26043,3.00,300.00,5.27,12.80
26052,3.00,320.00,5.17,12.81
26062,3.00,320.00,5.07,12.83
26072,3.00,320.00,5.00,12.81
26084,3.00,320.00,4.93,12.81
26094,3.00,340.00,4.85,12.83
26103,3.00,340.00,4.72,12.86
26113,3.00,340.00,4.70,12.83
26124,3.00,340.00,4.65,12.84
26133,3.00,340.00,4.65,12.83
26142,3.00,320.00,4.62,12.83
26152,3.00,300.00,4.61,12.85
26164,3.00,320.00,4.57,12.86
26173,3.00,320.00,4.57,12.84
26183,3.00,320.00,4.57,12.83
26192,3.00,320.00,4.60,12.82
26202,3.00,320.00,4.60,12.82
26211,3.00,300.00,4.66,12.80
26223,3.00,300.00,4.68,12.84
26234,3.00,320.00,4.62,12.84
26244,3.00,320.00,4.59,12.84
26254,3.00,320.00,4.60,12.83
26264,3.00,340.00,4.62,12.81
26273,3.00,340.00,4.61,12.84
26283,3.00,340.00,4.54,12.85
26292,3.00,320.00,4.54,12.87
26303,3.00,340.00,4.50,12.86
26312,3.00,300.00,4.40,12.89
26322,3.00,320.00,4.40,12.87
26332,3.00,300.00,4.35,12.85
26342,3.00,340.00,4.34,12.86
26351,3.00,320.00,4.31,12.86
26361,3.00,360.00,4.34,12.87
26371,3.00,320.00,4.39,12.85
26380,3.00,320.00,4.44,12.84
26391,3.00,300.00,4.44,12.86
26400,3.00,300.00,4.43,12.87
26411,3.00,280.00,4.38,12.87
26421,3.00,300.00,4.39,12.86
26431,3.00,300.00,4.37,12.86
26441,3.00,300.00,4.36,12.86
26451,3.00,300.00,4.38,12.85
26460,3.00,280.00,4.35,12.86
26470,3.00,280.00,4.36,12.87
26481,3.00,280.00,4.36,12.86
26490,3.00,260.00,4.37,12.86
26500,3.00,260.00,4.37,12.87
26510,3.00,280.00,4.34,12.87
26520,3.00,280.00,4.35,12.86
26529,3.00,260.00,4.35,12.86
26538,3.00,280.00,4.37,12.86
26549,3.00,280.00,4.40,12.84
26558,3.00,280.00,4.44,12.84
26569,3.00,280.00,4.47,12.83
26580,3.00,260.00,4.47,12.83
26593,3.00,260.00,4.46,12.85
26604,3.00,260.00,4.46,12.85
26618,3.00,240.00,4.46,12.84
26628,3.00,260.00,4.45,12.84
26638,3.00,280.00,4.49,12.83
26648,3.00,260.00,4.49,12.84
26658,3.00,280.00,4.53,12.83
26667,3.00,280.00,4.52,12.84
26679,3.00,260.00,4.50,12.84
26688,3.00,260.00,4.51,12.83
26698,3.00,260.00,4.51,12.84
26708,3.00,260.00,4.49,12.83
26718,3.00,260.00,4.47,12.84
26727,3.00,260.00,4.47,12.83
26737,3.00,260.00,4.44,12.83
26748,3.00,280.00,4.46,12.83
26757,3.00,280.00,4.46,12.83
26767,3.00,260.00,4.48,12.83
26776,3.00,280.00,4.48,12.82
26786,3.00,280.00,4.50,12.82
26795,3.00,260.00,4.52,12.83
26805,3.00,260.00,4.51,12.81
26816,3.00,280.00,4.55,12.83
26825,3.00,280.00,4.49,12.84
26835,3.00,280.00,4.44,12.85
26846,3.00,300.00,4.44,12.84
26856,3.00,300.00,4.46,12.84
26866,3.00,280.00,4.52,12.82
26874,3.00,280.00,4.51,12.83
26885,3.00,260.00,4.50,12.81
26894,3.00,260.00,4.59,12.81
26904,3.00,260.00,4.62,12.80
26914,3.00,280.00,4.59,12.85
26924,3.00,280.00,4.54,12.84
26935,3.00,300.00,4.53,12.83
26944,3.00,280.00,4.56,12.81
26954,3.00,280.00,4.54,12.82
26964,3.00,280.00,4.51,12.82
26974,3.00,260.00,4.50,12.81
26984,3.00,260.00,4.57,12.80
26994,3.00,280.00,4.59,12.84
27004,3.00,280.00,4.53,12.85
27014,3.00,280.00,4.48,12.85
27024,3.00,300.00,4.49,12.83
27034,3.00,300.00,4.46,12.84
27044,3.00,300.00,4.40,12.87
27055,3.00,300.00,4.38,12.85
27064,3.00,300.00,4.34,12.86
27075,3.00,300.00,4.33,12.86
27086,3.00,300.00,4.35,12.83
27095,3.00,300.00,4.38,12.83
27107,3.00,300.00,4.35,12.84
27117,3.00,300.00,4.34,12.84
27127,3.00,300.00,4.33,12.84
27137,3.00,320.00,4.33,12.84
27147,3.00,320.00,4.35,12.84
27156,3.00,320.00,4.36,12.84
27167,3.00,320.00,4.38,12.84
27177,3.00,300.00,4.37,12.85
27188,3.00,280.00,4.36,12.85
27199,3.00,280.00,4.37,12.85
27209,3.00,280.00,4.35,12.84
27218,3.00,300.00,4.35,12.84
27227,3.00,300.00,4.39,12.83
27236,3.00,300.00,4.39,12.83
27247,3.00,300.00,4.41,12.84
27258,3.00,300.00,4.40,12.84
27266,3.00,300.00,4.42,12.84
27276,3.00,300.00,4.43,12.83
27287,3.00,280.00,4.43,12.83
27297,3.00,280.00,4.42,12.84
27307,3.00,280.00,4.40,12.84
27318,3.00,280.00,4.39,12.85
27328,3.00,260.00,4.39,12.83
27337,3.00,280.00,4.39,12.83
27347,3.00,280.00,4.45,12.82
27357,3.00,280.00,4.47,12.83
27367,3.00,260.00,4.48,12.83
27377,3.00,280.00,4.49,12.82
27387,3.00,260.00,4.49,12.83
27397,3.00,260.00,4.49,12.83
27407,3.00,240.00,4.48,12.83
27418,3.00,260.00,4.47,12.82
27427,3.00,240.00,4.48,12.83
27440,3.00,240.00,4.49,12.83
27456,3.00,240.00,4.55,12.80
27469,3.00,220.00,4.58,12.79
27477,3.00,240.00,4.56,12.81
27487,3.00,240.00,4.54,12.83
27498,3.00,220.00,4.57,12.83
27507,3.00,240.00,4.66,12.81
27516,3.00,240.00,4.73,12.79
27526,3.00,240.00,4.73,12.80
27536,3.00,240.00,4.76,12.78
27546,3.00,260.00,4.77,12.79
27555,3.00,260.00,4.82,12.77
27565,3.00,260.00,4.82,12.76
27576,3.00,280.00,4.82,12.77
27588,3.00,260.00,4.79,12.79
27598,3.00,260.00,4.78,12.78
27613,3.00,280.00,4.77,12.78
27623,3.00,280.00,4.77,12.81
27632,3.00,300.00,4.71,12.81
27642,3.00,300.00,4.70,12.82
27652,3.00,300.00,4.65,12.82
27661,3.00,300.00,4.64,12.82
27671,3.00,320.00,4.64,12.83
27681,3.00,320.00,4.60,12.82
27691,3.00,320.00,4.50,12.82
27701,3.00,320.00,4.45,12.83
27711,3.00,320.00,4.41,12.85
27722,3.00,300.00,4.33,12.87
27732,3.00,300.00,4.27,12.86
27742,3.00,320.00,4.22,12.85
27751,3.00,320.00,4.20,12.85
27761,3.00,320.00,4.21,12.84
27772,3.00,320.00,4.21,12.83
27781,3.00,320.00,4.23,12.83
27792,3.00,300.00,4.24,12.83
27802,3.00,300.00,4.24,12.84
27812,3.00,300.00,4.23,12.83
27821,3.00,300.00,4.26,12.83
27832,3.00,300.00,4.28,12.83
27842,3.00,300.00,4.31,12.83
27851,3.00,280.00,4.33,12.83
27861,3.00,280.00,4.34,12.82
27873,3.00,280.00,4.37,12.81
27884,3.00,260.00,4.44,12.81
27896,3.00,260.00,4.46,12.82
27906,3.00,260.00,4.48,12.83
27916,3.00,260.00,4.48,12.82
27926,3.00,240.00,4.49,12.82
27936,3.00,260.00,4.49,12.82
27945,3.00,260.00,4.50,12.83
27955,3.00,260.00,4.53,12.81
27968,3.00,260.00,4.55,12.81
27979,3.00,260.00,4.55,12.80
27988,3.00,240.00,4.53,12.82
27998,3.00,240.00,4.53,12.82
28008,3.00,240.00,4.52,12.82
28017,3.00,260.00,4.51,12.83
28027,3.00,260.00,4.47,12.82
28037,3.00,260.00,4.49,12.82
28047,3.00,260.00,4.49,12.82
28057,3.00,280.00,4.58,12.80
28067,3.00,260.00,4.56,12.81
28084,3.00,260.00,4.62,12.79
28093,3.00,260.00,4.73,12.79
28103,3.00,260.00,4.75,12.80
28113,3.00,280.00,4.78,12.79
28123,3.00,280.00,4.74,12.80
28133,3.00,260.00,4.72,12.80
28143,3.00,280.00,4.68,12.81
28153,3.00,280.00,4.66,12.82
28164,3.00,280.00,4.66,12.80
28174,3.00,300.00,4.65,12.81
28184,3.00,300.00,4.56,12.82
28193,3.00,300.00,4.54,12.81
28203,3.00,300.00,4.47,12.82
28213,3.00,300.00,4.44,12.83
28224,3.00,280.00,4.40,12.81
28233,3.00,300.00,4.36,12.83
28243,3.00,300.00,4.36,12.83
28252,3.00,300.00,4.36,12.83
28262,3.00,300.00,4.34,12.82
28272,3.00,300.00,4.39,12.83
28281,3.00,300.00,4.38,12.81
28291,3.00,280.00,4.38,12.81
28301,3.00,280.00,4.41,12.82
28311,3.00,280.00,4.43,12.82
28321,3.00,280.00,4.41,12.83
28331,3.00,280.00,4.43,12.82
28341,3.00,280.00,4.42,12.82
28351,3.00,280.00,4.44,12.82
28361,3.00,280.00,4.43,12.82
28372,3.00,280.00,4.46,12.80
28381,3.00,280.00,4.49,12.80
28392,3.00,280.00,4.49,12.80
28401,3.00,280.00,4.53,12.80
28411,3.00,260.00,4.50,12.80
28421,3.00,260.00,4.47,12.81
28431,3.00,260.00,4.44,12.81
28440,3.00,280.00,4.40,12.82
28450,3.00,280.00,4.40,12.81
28460,3.00,300.00,4.40,12.81
28469,3.00,280.00,4.41,12.82
28479,3.00,280.00,4.40,12.83
28489,3.00,260.00,4.38,12.84
28500,3.00,260.00,4.35,12.83
28518,3.00,260.00,4.31,12.83
28528,3.00,260.00,4.36,12.83
28537,3.00,260.00,4.44,12.81
28549,3.00,280.00,4.48,12.80
28559,3.00,280.00,4.44,12.81
28569,3.00,280.00,4.44,12.82
28578,3.00,280.00,4.42,12.82
28589,3.00,280.00,4.43,12.83
28599,3.00,280.00,4.42,12.83
28608,3.00,260.00,4.41,12.83
28617,3.00,260.00,4.47,12.80
28627,3.00,260.00,4.52,12.80
28638,3.00,280.00,4.57,12.80
28647,3.00,280.00,4.63,12.78
28656,3.00,300.00,4.65,12.79
28666,3.00,320.00,4.62,12.80
28676,3.00,300.00,4.58,12.81
28686,3.00,300.00,4.56,12.81
28697,3.00,300.00,4.53,12.82
28706,3.00,260.00,4.49,12.82
28715,3.00,260.00,4.43,12.83
28726,3.00,300.00,4.49,12.80
28737,3.00,300.00,4.44,12.82
28747,3.00,300.00,4.44,12.82
28756,3.00,320.00,4.46,12.81
28767,3.00,320.00,4.49,12.82
28776,3.00,300.00,4.49,12.80
28786,3.00,280.00,4.49,12.80
28795,3.00,280.00,4.49,12.83
28805,3.00,280.00,4.52,12.80
28815,3.00,260.00,4.49,12.82
28825,3.00,260.00,4.52,12.79
28835,3.00,260.00,4.51,12.80
28845,3.00,260.00,4.55,12.78
28855,3.00,240.00,4.57,12.77
28865,3.00,260.00,4.66,12.77
28875,3.00,240.00,4.73,12.79
28885,3.00,260.00,4.79,12.79
28895,3.00,240.00,4.86,12.75
28906,3.00,260.00,4.91,12.77
28915,3.00,240.00,4.92,12.73
28925,3.00,240.00,4.88,12.76
28935,3.00,240.00,4.83,12.76
28945,3.00,240.00,4.81,12.77
28956,3.00,240.00,4.81,12.76
28964,3.00,260.00,4.77,12.76
28975,3.00,280.00,4.77,12.76
28985,3.00,280.00,4.76,12.77
28998,3.00,300.00,4.74,12.77
29008,3.00,280.00,4.75,12.77
29018,3.00,280.00,4.72,12.76
29029,3.00,280.00,4.67,12.79
29039,3.00,280.00,4.64,12.79
29050,3.00,320.00,4.61,12.80
29059,3.00,320.00,4.61,12.80
29069,3.00,320.00,4.61,12.80
29079,3.00,320.00,4.51,12.83
29089,3.00,320.00,4.42,12.83
29099,3.00,300.00,4.40,12.82
29110,3.00,300.00,4.35,12.82
29123,3.00,300.00,4.32,12.83
29132,3.00,320.00,4.28,12.83
29143,3.00,320.00,4.24,12.85
29152,3.00,320.00,4.22,12.83
29162,3.00,320.00,4.23,12.84
29173,3.00,320.00,4.22,12.84
29185,3.00,300.00,4.25,12.83
29194,3.00,300.00,4.27,12.83
29204,3.00,280.00,4.28,12.83
29215,3.00,280.00,4.27,12.83
29224,3.00,280.00,4.27,12.83
29234,3.00,280.00,4.28,12.82
29244,3.00,280.00,4.29,12.82
29254,3.00,300.00,4.35,12.80
29264,3.00,300.00,4.37,12.81
29275,3.00,280.00,4.42,12.81
29284,3.00,280.00,4.43,12.82
29294,3.00,260.00,4.44,12.81
29303,3.00,260.00,4.47,12.80
29318,3.00,260.00,4.48,12.80
29328,3.00,260.00,4.48,12.80
29338,3.00,240.00,4.48,12.81
29348,3.00,260.00,4.52,12.79
29357,3.00,240.00,4.53,12.80
29368,3.00,240.00,4.64,12.76
29376,3.00,240.00,4.70,12.77
29386,3.00,260.00,4.75,12.76
29396,3.00,240.00,4.78,12.76
29406,3.00,240.00,4.82,12.76
29416,3.00,240.00,4.84,12.76
29426,3.00,240.00,4.82,12.77
29436,3.00,240.00,4.79,12.78
29445,3.00,240.00,4.77,12.79
29456,3.00,260.00,4.75,12.78
29465,3.00,240.00,4.75,12.79
29475,3.00,260.00,4.75,12.78
29485,3.00,260.00,4.77,12.78
29495,3.00,280.00,4.79,12.76
29505,3.00,260.00,4.79,12.76
29521,3.00,280.00,4.80,12.78
29530,3.00,260.00,4.79,12.78
29541,3.00,260.00,4.74,12.79
29550,3.00,280.00,4.75,12.78
29560,3.00,280.00,4.75,12.79
29571,3.00,300.00,4.75,12.79
29582,3.00,300.00,4.74,12.79
29590,3.00,300.00,4.75,12.79
29604,3.00,280.00,4.75,12.76
29612,3.00,300.00,4.75,12.76
29624,3.00,300.00,4.71,12.76
29633,3.00,300.00,4.70,12.77
29643,3.00,300.00,4.66,12.79
29653,3.00,320.00,4.66,12.80
29662,3.00,320.00,4.67,12.82
29672,3.00,320.00,4.59,12.81
29681,3.00,320.00,4.52,12.80
29692,3.00,320.00,4.46,12.80
29702,3.00,320.00,4.47,12.79
29711,3.00,300.00,4.44,12.81
29720,3.00,320.00,4.40,12.81
29730,3.00,320.00,4.38,12.80
29740,3.00,320.00,4.37,12.82
29750,3.00,320.00,4.35,12.83
29760,3.00,320.00,4.37,12.81
29770,3.00,300.00,4.39,12.82
29780,3.00,300.00,4.42,12.82
29790,3.00,280.00,4.41,12.82
29800,3.00,280.00,4.42,12.82
29809,3.00,280.00,4.40,12.82
29819,3.00,280.00,4.38,12.82
29830,3.00,260.00,4.40,12.80
29840,3.00,280.00,4.40,12.80
29848,3.00,260.00,4.43,12.79
29858,3.00,260.00,4.42,12.79
29868,3.00,240.00,4.49,12.79
29878,3.00,240.00,4.53,12.80
29888,3.00,240.00,4.56,12.77
29898,3.00,220.00,4.62,12.76
29908,3.00,240.00,4.66,12.76
29918,3.00,220.00,4.70,12.76
29928,3.00,220.00,4.76,12.76
29939,3.00,240.00,4.80,12.76
29948,3.00,240.00,4.83,12.75
29958,3.00,240.00,4.80,12.76
29969,3.00,220.00,4.83,12.76
29979,3.00,240.00,4.81,12.76
Start Going Up
36801,3.00,0.00,0.20,13.29
36812,3.00,0.00,0.21,13.28
36823,3.00,0.00,0.23,13.28
36838,3.00,0.00,0.28,13.28
36847,3.00,0.00,0.31,13.28
36857,3.00,0.00,0.32,13.27
36867,3.00,20.00,0.36,13.26
36876,3.00,20.00,0.38,13.27
36887,3.00,40.00,0.43,13.25
36898,3.00,40.00,0.46,13.25
36909,3.00,80.00,0.51,13.25
36920,3.00,80.00,0.55,13.25
36929,3.00,120.00,0.63,13.22
36940,3.00,140.00,0.69,13.22
36950,3.00,140.00,0.78,13.21
36960,3.00,140.00,0.90,13.20
36970,3.00,140.00,0.97,13.20
36979,3.00,120.00,1.07,13.18
36989,3.00,120.00,1.17,13.17
36999,3.00,80.00,1.34,13.14
37012,3.00,80.00,1.46,13.13
37022,3.00,80.00,1.64,13.11
37032,3.00,100.00,1.75,13.11
37042,3.00,100.00,1.90,13.08
37051,3.00,120.00,1.99,13.08
37061,3.00,120.00,2.18,13.04
37071,3.00,120.00,2.33,13.04
37081,3.00,100.00,2.51,13.00
37090,3.00,120.00,2.76,12.98
37099,3.00,120.00,2.86,12.98
37112,3.00,120.00,3.08,12.94
37124,3.00,120.00,3.29,12.90
37133,3.00,120.00,3.47,12.90
37142,3.00,100.00,3.67,12.90
37152,3.00,100.00,3.87,12.85
37162,3.00,120.00,4.18,12.82
37172,3.00,120.00,4.37,12.80
37182,3.00,140.00,4.57,12.80
37191,3.00,160.00,4.78,12.76
37201,3.00,180.00,5.06,12.71
37211,3.00,160.00,5.20,12.72
37220,3.00,180.00,5.45,12.69
37230,3.00,200.00,5.70,12.65
37239,3.00,200.00,5.86,12.62
37250,3.00,220.00,6.03,12.65
37259,3.00,280.00,6.13,12.66
37271,3.00,300.00,6.15,12.66
37281,3.00,300.00,6.23,12.62
37290,3.00,340.00,6.35,12.61
37300,3.00,340.00,6.42,12.61
37310,3.00,340.00,6.52,12.59
37320,3.00,340.00,6.54,12.60
37329,3.00,380.00,6.58,12.60
37340,3.00,380.00,6.57,12.59
37350,3.00,420.00,6.67,12.59
37360,3.00,420.00,6.68,12.60
37369,3.00,460.00,6.66,12.59
37379,3.00,460.00,6.63,12.59
37389,3.00,480.00,6.63,12.60
37400,3.00,480.00,6.57,12.60
37410,3.00,500.00,6.65,12.59
37420,3.00,500.00,6.63,12.60
37429,3.00,520.00,6.63,12.59
37439,3.00,560.00,6.63,12.61
37449,3.00,560.00,6.59,12.62
37458,3.00,580.00,6.46,12.61
37468,3.00,580.00,6.42,12.64
37479,3.00,600.00,6.33,12.66
37488,3.00,600.00,6.19,12.66
37498,3.00,600.00,6.19,12.66
37507,3.00,620.00,6.08,12.69
37517,3.00,620.00,5.96,12.68
37529,3.00,640.00,5.89,12.68
37538,3.00,660.00,5.83,12.68
37549,3.00,660.00,5.78,12.69
37558,3.00,680.00,5.75,12.69
37568,3.00,680.00,5.64,12.73
37578,3.00,660.00,5.50,12.73
37588,3.00,640.00,5.37,12.74
37599,3.00,640.00,5.34,12.73
37608,3.00,620.00,5.32,12.73
37618,3.00,620.00,5.34,12.71
37630,3.00,640.00,5.28,12.75
37641,3.00,640.00,5.23,12.74
37650,3.00,600.00,5.21,12.74
37659,3.00,620.00,5.21,12.73
37669,3.00,620.00,5.19,12.74
37679,3.00,620.00,5.17,12.74
37688,3.00,620.00,5.16,12.75
37698,3.00,600.00,5.15,12.75
37708,3.00,600.00,5.17,12.74
37717,3.00,620.00,5.20,12.73
37726,3.00,580.00,5.22,12.73
37737,3.00,580.00,5.23,12.74
37747,3.00,560.00,5.23,12.74
37757,3.00,580.00,5.25,12.73
37767,3.00,560.00,5.27,12.73
37777,3.00,560.00,5.27,12.74
37788,3.00,560.00,5.26,12.74
37797,3.00,580.00,5.24,12.73
37807,3.00,560.00,5.23,12.74
37817,3.00,560.00,5.24,12.72
37828,3.00,580.00,5.29,12.71
37838,3.00,580.00,5.32,12.71
37850,3.00,580.00,5.36,12.70
37861,3.00,580.00,5.36,12.71
37870,3.00,580.00,5.32,12.71
37880,3.00,560.00,5.32,12.71
37890,3.00,560.00,5.30,12.72
37901,3.00,560.00,5.29,12.71
37910,3.00,580.00,5.28,12.72
37919,3.00,580.00,5.26,12.72
37929,3.00,580.00,5.26,12.73
37940,3.00,580.00,5.17,12.75
37955,3.00,600.00,5.14,12.75
37965,3.00,560.00,5.11,12.75
37978,3.00,540.00,5.11,12.73
37988,3.00,560.00,5.14,12.75
37998,3.00,560.00,5.07,12.76
38008,3.00,540.00,5.10,12.73
38018,3.00,560.00,5.19,12.72
38027,3.00,560.00,5.19,12.73
38037,3.00,540.00,5.21,12.69
38048,3.00,520.00,5.27,12.70
38058,3.00,520.00,5.31,12.71
38067,3.00,520.00,5.32,12.72
38077,3.00,520.00,5.35,12.71
38087,3.00,520.00,5.40,12.72
38097,3.00,540.00,5.46,12.69
38107,3.00,540.00,5.53,12.67
38116,3.00,500.00,5.53,12.69
38127,3.00,500.00,5.53,12.67
38137,3.00,520.00,5.54,12.71
38147,3.00,500.00,5.50,12.71
38157,3.00,500.00,5.48,12.69
38166,3.00,540.00,5.50,12.71
38176,3.00,540.00,5.55,12.70
38186,3.00,520.00,5.49,12.68
38196,3.00,540.00,5.50,12.71
38206,3.00,560.00,5.49,12.71
38215,3.00,540.00,5.39,12.73
38226,3.00,560.00,5.37,12.71
38235,3.00,580.00,5.33,12.73
38245,3.00,580.00,5.27,12.73
38254,3.00,560.00,5.25,12.71
38264,3.00,580.00,5.25,12.72
38274,3.00,580.00,5.25,12.73
38284,3.00,560.00,5.23,12.73
38293,3.00,560.00,5.27,12.71
38303,3.00,560.00,5.30,12.71
38313,3.00,560.00,5.30,12.72
38322,3.00,560.00,5.32,12.71
38332,3.00,560.00,5.36,12.68
38342,3.00,560.00,5.40,12.69
38352,3.00,560.00,5.40,12.70
38363,3.00,560.00,5.40,12.70
38376,3.00,540.00,5.40,12.69
38387,3.00,540.00,5.39,12.68
38397,3.00,540.00,5.43,12.69
38409,3.00,540.00,5.39,12.69
38420,3.00,540.00,5.48,12.66
38429,3.00,560.00,5.51,12.68
38440,3.00,540.00,5.47,12.68
38449,3.00,560.00,5.53,12.66
38460,3.00,540.00,5.49,12.68
38469,3.00,560.00,5.54,12.66
38479,3.00,560.00,5.54,12.68
38489,3.00,580.00,5.52,12.71
38498,3.00,560.00,5.43,12.71
38508,3.00,560.00,5.40,12.71
38521,3.00,580.00,5.36,12.71
38531,3.00,560.00,5.33,12.71
38541,3.00,560.00,5.29,12.72
38552,3.00,580.00,5.23,12.71
38564,3.00,580.00,5.21,12.71
38574,3.00,580.00,5.20,12.71
38583,3.00,600.00,5.20,12.70
38593,3.00,580.00,5.20,12.71
38603,3.00,580.00,5.20,12.71
38616,3.00,560.00,5.19,12.70
38627,3.00,560.00,5.18,12.71
38636,3.00,560.00,5.20,12.69
38646,3.00,560.00,5.25,12.70
38655,3.00,560.00,5.27,12.69
38666,3.00,560.00,5.30,12.70
38676,3.00,560.00,5.28,12.70
38684,3.00,560.00,5.30,12.69
38694,3.00,560.00,5.32,12.70
38704,3.00,560.00,5.33,12.69
38714,3.00,580.00,5.34,12.69
38724,3.00,560.00,5.36,12.69
38733,3.00,540.00,5.40,12.69
38744,3.00,540.00,5.42,12.68
38754,3.00,540.00,5.43,12.68
38764,3.00,520.00,5.45,12.68
38773,3.00,540.00,5.53,12.66
38783,3.00,540.00,5.49,12.69
38793,3.00,560.00,5.45,12.69
38803,3.00,540.00,5.44,12.67
38812,3.00,540.00,5.55,12.65
38825,3.00,540.00,5.60,12.65
38836,3.00,560.00,5.66,12.65
38846,3.00,540.00,5.58,12.68
38856,3.00,560.00,5.58,12.66
38866,3.00,560.00,5.54,12.68
38875,3.00,560.00,5.46,12.69
38888,3.00,540.00,5.38,12.69
38897,3.00,560.00,5.40,12.67
38906,3.00,560.00,5.43,12.68
38917,3.00,580.00,5.45,12.67
38926,3.00,600.00,5.37,12.71
38936,3.00,620.00,5.32,12.70
38945,3.00,600.00,5.31,12.71
38956,3.00,580.00,5.28,12.70
38966,3.00,580.00,5.27,12.70
38975,3.00,560.00,5.27,12.70
38985,3.00,560.00,5.29,12.69
38995,3.00,560.00,5.32,12.69
39004,3.00,580.00,5.37,12.67
39014,3.00,560.00,5.40,12.68
39025,3.00,560.00,5.36,12.70
39034,3.00,540.00,5.35,12.70
39043,3.00,560.00,5.33,12.70
39053,3.00,560.00,5.35,12.68
39064,3.00,560.00,5.39,12.68
39073,3.00,540.00,5.44,12.67
39086,3.00,540.00,5.49,12.66
39095,3.00,540.00,5.50,12.67
39106,3.00,520.00,5.50,12.66
39115,3.00,540.00,5.59,12.65
39127,3.00,540.00,5.63,12.64
39138,3.00,560.00,5.70,12.65
39149,3.00,540.00,5.71,12.65
39160,3.00,560.00,5.69,12.66
39169,3.00,560.00,5.70,12.65
39179,3.00,560.00,5.67,12.66
39188,3.00,580.00,5.67,12.67
39198,3.00,580.00,5.58,12.69
39207,3.00,580.00,5.51,12.69
39219,3.00,580.00,5.45,12.69
39228,3.00,600.00,5.40,12.70
39238,3.00,600.00,5.39,12.69
39247,3.00,580.00,5.36,12.69
39257,3.00,560.00,5.32,12.70
39266,3.00,560.00,5.27,12.71
39276,3.00,560.00,5.26,12.70
39286,3.00,540.00,5.27,12.70
39296,3.00,560.00,5.28,12.69
39305,3.00,560.00,5.32,12.68
39315,3.00,560.00,5.39,12.67
Start Going Up
46382,3.00,0.00,0.00,0.00
46393,3.00,0.00,0.00,0.00
46402,3.00,0.00,0.00,0.00
46435,3.00,0.00,0.33,13.24
46462,3.00,60.00,0.52,13.23
46471,3.00,120.00,0.57,13.22
46481,3.00,120.00,0.65,13.20
46491,3.00,140.00,0.79,13.18
46500,3.00,120.00,0.94,13.16
46510,3.00,140.00,1.09,13.15
46521,3.00,160.00,1.31,13.11
46530,3.00,180.00,1.55,13.08
46539,3.00,180.00,1.80,13.04
46549,3.00,180.00,2.07,13.02
46560,3.00,180.00,2.44,12.95
46570,3.00,200.00,2.81,12.90
46580,3.00,200.00,3.17,12.90
46590,3.00,200.00,3.55,12.85
46601,3.00,220.00,3.97,12.76
46610,3.00,220.00,4.33,12.75
46619,3.00,220.00,4.72,12.70
46630,3.00,220.00,5.18,12.66
46641,3.00,240.00,5.67,12.59
46658,3.00,280.00,6.62,12.49
46669,3.00,320.00,7.02,12.45
46679,3.00,380.00,7.37,12.44
46689,3.00,420.00,7.67,12.42
46698,3.00,440.00,7.97,12.36
46710,3.00,500.00,8.21,12.35
46726,3.00,520.00,8.53,12.34
46738,3.00,540.00,8.74,12.34
46747,3.00,560.00,8.95,12.31
46757,3.00,600.00,9.03,12.30
46767,3.00,620.00,9.20,12.27
46777,3.00,680.00,9.38,12.25
46787,3.00,700.00,9.43,12.28
46797,3.00,740.00,9.61,12.24
46808,3.00,780.00,9.69,12.26
46817,3.00,800.00,9.70,12.26
46827,3.00,820.00,9.72,12.24
46837,3.00,860.00,9.82,12.23
46849,3.00,900.00,9.82,12.26
46859,3.00,980.00,9.77,12.27
46868,3.00,1020.00,9.74,12.25
46879,3.00,1060.00,9.67,12.27
46888,3.00,1080.00,9.56,12.30
46898,3.00,1080.00,9.38,12.32
46908,3.00,1100.00,9.23,12.31
46917,3.00,1100.00,9.14,12.32
46927,3.00,1140.00,9.07,12.33
46938,3.00,1160.00,8.91,12.36
46948,3.00,1160.00,8.78,12.37
46958,3.00,1180.00,8.62,12.39
46968,3.00,1200.00,8.41,12.42
46979,3.00,1180.00,8.18,12.45
46988,3.00,1220.00,8.07,12.43
46998,3.00,1220.00,8.01,12.43
47009,3.00,1220.00,7.92,12.44
47019,3.00,1240.00,7.83,12.45
47027,3.00,1260.00,7.67,12.50
47038,3.00,1260.00,7.57,12.47
47047,3.00,1240.00,7.55,12.47
47057,3.00,1260.00,7.55,12.47
47066,3.00,1260.00,7.56,12.45
47076,3.00,1220.00,7.46,12.49
47086,3.00,1220.00,7.33,12.52
47096,3.00,1220.00,7.24,12.51
47106,3.00,1200.00,7.24,12.49
47115,3.00,1200.00,7.18,12.52
47127,3.00,1220.00,7.13,12.52
47136,3.00,1180.00,7.03,12.52
47153,3.00,1200.00,7.03,12.52
47165,3.00,1180.00,7.05,12.51
47174,3.00,1180.00,7.08,12.52
47187,3.00,1180.00,7.02,12.52
47197,3.00,1160.00,6.93,12.54
47207,3.00,1160.00,6.88,12.53
47216,3.00,1180.00,6.90,12.51
47244,3.00,1160.00,6.99,12.52
47268,3.00,1160.00,7.16,12.47
47278,3.00,1160.00,7.18,12.49
47288,3.00,1140.00,7.21,12.48
47298,3.00,1120.00,7.24,12.49
47309,3.00,1100.00,7.20,12.49
47318,3.00,1120.00,7.19,12.48
47328,3.00,1120.00,7.15,12.51
47338,3.00,1120.00,7.16,12.48
47348,3.00,1140.00,7.18,12.49
47359,3.00,1140.00,7.11,12.51
47368,3.00,1140.00,7.04,12.51
47377,3.00,1140.00,7.03,12.50
47388,3.00,1140.00,7.09,12.49
47402,3.00,1140.00,7.17,12.47
47413,3.00,1140.00,7.24,12.47
47424,3.00,1120.00,7.24,12.49
47434,3.00,1120.00,7.22,12.49
47443,3.00,1120.00,7.22,12.49
47455,3.00,1100.00,7.26,12.47
47466,3.00,1100.00,7.34,12.45
47478,3.00,1100.00,7.29,12.49
47488,3.00,1080.00,7.24,12.50
47499,3.00,1120.00,7.20,12.50
47510,3.00,1140.00,7.20,12.48
47521,3.00,1140.00,7.25,12.47
47531,3.00,1160.00,7.26,12.48
47542,3.00,1120.00,7.26,12.48
47553,3.00,1100.00,7.24,12.47
47562,3.00,1100.00,7.24,12.47
47572,3.00,1120.00,7.24,12.47
47582,3.00,1120.00,7.29,12.46
47591,3.00,1120.00,7.33,12.47
47601,3.00,1140.00,7.32,12.48
47611,3.00,1120.00,7.25,12.49
47621,3.00,1100.00,7.27,12.45
47632,3.00,1100.00,7.30,12.45
47645,3.00,1080.00,7.44,12.45
47660,3.00,1080.00,7.46,12.45
47670,3.00,1080.00,7.44,12.45
47680,3.00,1080.00,7.41,12.46
47691,3.00,1120.00,7.38,12.47
47700,3.00,1100.00,7.37,12.45
47710,3.00,1120.00,7.43,12.43
47720,3.00,1100.00,7.44,12.46
47729,3.00,1100.00,7.38,12.48
47740,3.00,1080.00,7.33,12.47
